beta0,beta1,beta2,chains
-3.403442787168422,-0.0486491396364855,-0.5045004380999197,1
-3.655219999092546,-0.007285569930701459,-0.8995347415564899,1
-3.6806559698137007,0.0015674369200909203,-1.0040098648893077,1
-3.502065274436695,-0.011000532955692477,-1.083895191386501,1
-3.9557639823881363,-0.04910406614058251,-1.0831172442770836,1
-3.729169515685884,0.012184095096280448,-1.0471261500813618,1
-4.022492003585973,-0.012001893523628016,-0.8422730858569738,1
-4.3006925628012524,0.020945807941157184,-1.264149948236219,1
-4.287402770913331,0.0514350980654797,-1.3712688528730281,1
-4.0800618187742455,0.1770512756983347,-1.7032831806076614,1
-4.301707437642463,0.19560017340728772,-1.728223725532076,1
-4.155170807259726,0.13058361738681643,-1.84055180451798,1
-3.592214995438011,0.08555903667497956,-2.180398137318736,1
-3.3640727644453707,-0.09176454377760036,-2.4186828873495427,1
-3.3152531729198893,-0.141720466135247,-2.1725296346632526,1
-3.4407705562529016,-0.1660990642640925,-2.0361083477515383,1
-3.180853842577092,-0.29361676480174664,-2.3134173671687264,1
-3.2132648450358072,-0.2242873891857112,-2.3831579124487723,1
-2.9086726027985836,-0.21881202889131085,-2.4987093631664417,1
-3.2603926841087176,-0.10871491352708368,-2.6555905882747908,1
-3.2499605979968025,-0.10580042134574515,-2.8324206559654437,1
-3.243253123360029,-0.020413837919585148,-2.4705054865793183,1
-3.1945279606145784,-0.024389452595592963,-2.7050977978716833,1
-3.254286294360355,-0.051738435866377774,-2.8066000907543454,1
-2.84600070133521,-0.22483241946745525,-2.7712450352276807,1
-2.4769831943505394,-0.2626404420305237,-2.752369437190601,1
-2.426803724475617,-0.16500018946271955,-2.5529075071640612,1
-2.240508264946653,-0.1875099080060652,-2.8495970733577334,1
-2.067306000649539,-0.22623766018943314,-2.678743890052392,1
-2.0516549098015133,-0.226813349921502,-2.545413779261112,1
-1.8212466295411662,-0.2800348226600038,-2.259054180466645,1
-1.596640886708806,-0.4234972453171005,-2.003630399328884,1
-1.585871661410114,-0.4691564924017173,-2.0014983493537857,1
-1.6391933859463756,-0.48951679148065574,-2.1845440402135186,1
-1.5583932998061694,-0.4964696107050186,-1.8789418098273998,1
-1.1828099524391669,-0.49016708314347746,-2.1209486411960228,1
-0.9939863119775479,-0.5115288815353942,-2.1578333126251086,1
-1.0267780276899243,-0.5131902519968998,-2.2080698936334384,1
-0.42265135148286004,-0.5939228910591255,-2.1928345955150266,1
-0.37778344221091703,-0.7730791436439899,-2.3072028231628128,1
-0.3157211003789142,-0.7519132002631235,-2.3514999759310338,1
-0.2533631700792873,-0.7677787462819525,-2.3137902337200957,1
-0.26898546499246834,-0.8344314082600044,-2.143371091475134,1
0.4619172735931375,-1.0038548919527002,-2.1158912021705096,1
0.36741496844719385,-0.8954896187344901,-2.3062458712201885,1
-0.05423213056180026,-0.8759389869806372,-2.3526988156515736,1
0.4025335491206532,-0.9253038891666712,-2.8196652576213697,1
0.7630985297340916,-0.9530263600646975,-2.8470331405172513,1
0.664376106089958,-0.9733728345801723,-2.888800012654387,1
1.210332223154181,-1.032597142950371,-2.3859676616748198,1
0.6773473602036097,-0.9733303510204532,-2.5212377093458005,1
-0.038309015289577975,-0.8604569717881575,-2.6104045295872393,1
0.13778180824127345,-0.8445490674404756,-2.517196764025224,1
-0.4554380653562448,-0.738088727751185,-2.188988767553895,1
-0.7879968621005216,-0.6286193070912031,-1.8875545478822828,1
-0.4475809754039521,-0.6189548894925982,-2.042161449179898,1
-0.7951142411768362,-0.48226191787441375,-1.993298830561147,1
-0.5417931629075994,-0.5882143108352402,-2.331691004103152,1
0.0892699835215236,-0.7367773021162882,-2.033817789822357,1
0.38841735620731754,-0.7788018098741164,-2.102111095080839,1
0.26566442723741635,-0.8516941805174301,-2.4870552367828216,1
0.3831498759460583,-0.9262859904565294,-2.390167067152926,1
0.8011674109383444,-0.9773960390949242,-2.3018884919603386,1
-0.059933900611144564,-0.8994122809779508,-2.397528625333819,1
0.165395991462774,-0.931250295669666,-2.466009293294138,1
0.3012557439048487,-0.9671841222505435,-2.508215038870734,1
0.1944763756743828,-0.9744711812658545,-2.301151115624245,1
0.21088896036310245,-0.9773439481877564,-2.3009283243406076,1
0.7361794418051253,-1.0246304535410506,-2.082634417195119,1
0.23432167594934372,-0.9713123650264642,-1.821513815291603,1
0.116934268500488,-0.7989112810307104,-1.5858202865397695,1
0.063614603659784,-0.8635167982802242,-1.7857160663825318,1
-0.901929477865654,-0.9668046466909108,-1.6524859116189843,1
-0.6609238752620914,-1.0073979590537288,-1.9816106412968246,1
-0.7933624779063749,-0.9484392398275179,-2.091988101174923,1
-0.6929707311046492,-0.9652906314420512,-2.1260666256229834,1
-0.8095344101538673,-0.8906454289054675,-2.1101381998097026,1
-0.07644948223023051,-0.893604619184639,-1.929782022004205,1
-0.3245925205808513,-0.809174944793092,-1.628970710582259,1
-0.21345335931294773,-0.7797435436665062,-1.539844720454332,1
-0.6503485640077564,-0.7160824296667445,-1.342622400104171,1
-0.42693463301598633,-0.6922547140298292,-1.376614354041986,1
-0.8681620775867144,-0.6449522280940243,-1.5281058635923033,1
-1.0382243898435553,-0.62095430560479,-1.6804008565148252,1
-0.7065039004792196,-0.7976316826281888,-1.5204498546444123,1
-0.7038357812826193,-0.8347593390429632,-2.0014641575425576,1
-0.648245587452972,-0.8243014119436641,-1.713594902954446,1
-0.763959876981868,-0.9003285142576636,-2.011366217645779,1
-0.6797329554802902,-0.9475646455591683,-2.1172308322097053,1
-0.4041926130864102,-0.8607127295611985,-2.0044923111480393,1
-0.701948636205233,-0.8757160305260085,-1.8146405634055445,1
-0.5601410486690821,-0.927248959285371,-1.5224029843499727,1
-0.624378654586935,-0.9544530821046981,-1.4923218811483154,1
-0.8029564970390767,-0.926682759224618,-1.4831558198645882,1
-0.3545835022900737,-0.9947822653897306,-1.91944621879163,1
-0.35988004133232154,-0.9187420732713157,-2.097466584913477,1
0.2165384519995699,-1.0226770777497756,-2.216231276065657,1
0.8504702970006404,-1.0266595879138107,-2.0670067133971126,1
0.8054138343575749,-1.038638446506283,-1.9284625937056166,1
1.0281883949854635,-1.0435059409328207,-2.406378032074295,1
1.1793339744395588,-0.9128570980782688,-2.3112214292697657,1
1.0941851494866308,-0.9166412307228595,-2.3659851868380386,1
0.6609796659368372,-0.8544728487650718,-2.6895831642380443,1
1.053841275179101,-0.8479003729336261,-2.4178943996041165,1
0.6264507136228511,-0.8527157241135045,-2.294614619810023,1
0.9709763983976498,-0.9489097763908694,-2.034649659025108,1
0.9256336747226774,-0.9689998854816487,-1.4686066902934272,1
0.6487536629907841,-0.9395948225347174,-1.3625378445574556,1
0.5546455929464984,-0.9246288145345805,-1.1733067561532,1
0.32832856002402744,-0.850603546506006,-0.9895181796593654,1
0.3673681468648724,-0.9376622960669441,-0.727312439201774,1
0.1681744887451269,-0.8805469746774522,-0.5355191089473392,1
0.42808419043365675,-0.8218573924821062,-0.2537432352737665,1
0.1851782100190653,-0.8191349189867898,-0.26309218748504404,1
0.11264869277649159,-0.7820879606864918,-0.026644620245933504,1
0.06402913510444808,-0.7853024536797397,0.0027122557554499424,1
-0.09070056695158438,-0.6888761810870898,0.24385122250094657,1
0.08849350774655759,-0.7307721280700099,0.19839616617709063,1
0.46751721641449895,-0.7574607345198654,0.4584559529616524,1
0.15914438072536308,-0.6760288790175955,0.35355308544847824,1
-0.15595758976408408,-0.7268225713025175,0.3429347380148344,1
-0.057654690635739775,-0.7419486626934435,0.5502664988015452,1
0.1287757752497537,-0.8659385727863744,0.33929085479297616,1
0.3977428665625389,-0.8924779200308189,0.3603765047910071,1
0.09478182834289567,-1.0419502655950672,0.11002714804623986,1
-0.1522106797597075,-0.9743420237369632,0.18281609121812958,1
-0.2956998798254295,-0.9500643158713383,0.38111074772723075,1
-0.3366650649388167,-0.8533417352030417,0.5182949064440819,1
-0.14796097267550082,-0.9380263274493776,0.35016790154609045,1
-0.9417189670664333,-0.8625066018951626,0.2772895404504069,1
-1.163639032917134,-0.7626930673140008,0.29527445152978704,1
-0.6802205696983248,-0.7692590691781974,0.3040445464268035,1
-0.9135081307764616,-0.7210126155862298,0.47475058623760263,1
-1.2191314110981946,-0.6247469123063658,0.2772318749754192,1
-0.889512656662871,-0.6251947554921359,0.0033474189401150878,1
-1.072868266510794,-0.5680526097725663,0.05992131517709606,1
-1.4691472850450198,-0.44072883055206874,0.2664448842843389,1
-1.2806658701447542,-0.3936222345689867,0.3707964846968742,1
-2.0665672020002743,-0.31891132289273894,0.287197174308659,1
-2.0264115218837997,-0.4265212033972241,-0.06856490830970535,1
-2.1815857454087753,-0.4799920109940965,-0.0891695405397696,1
-1.8986756001850047,-0.5168166448871132,-0.07221485972417513,1
-1.6806317260283186,-0.5666611610393594,-0.03213742884648276,1
-1.559097350093743,-0.5201259287071106,0.016194368988618486,1
-1.8021292959532085,-0.459137412893968,-0.275421915303012,1
-1.8697474693268785,-0.263721275928015,-0.4866766740501551,1
-2.0353498119743465,-0.2843585543600422,-0.2611473561199662,1
-2.487667009915616,-0.10340527665881047,-0.2639874530488745,1
-2.0803164297649763,-0.22466845487165465,-0.026431380587617403,1
-2.1602047930199904,-0.21600567486274153,0.17039507946047036,1
-2.306328607084143,-0.10219706286062527,0.239448976104925,1
-2.643230030390474,-0.06082051723372111,0.30529239824584353,1
-2.6361513151526736,-0.03918234132743491,0.2663450600623847,1
-2.9949567896700073,0.032809050090995884,0.07126611907482233,1
-2.1788575845950087,-0.07304394214260844,-0.1365287328518944,1
-2.0949432905635685,-0.1232283731793585,-0.5153444773441448,1
-1.7523162899931772,-0.16502073050682023,-0.6792759173389076,1
-1.3498018731045751,-0.36778956168339216,-0.4855991581466634,1
-1.248351991234842,-0.4482232271611222,-0.6210767996822841,1
-1.3557058652764882,-0.3195855650243509,-0.7109280762009077,1
-2.010860148546292,-0.22322551759075943,-0.36973304835828386,1
-1.5862409305034668,-0.2769215053719453,-0.30801105361469006,1
-1.5966650123502557,-0.215377871185674,-0.3935843637688305,1
-1.6463956899617724,-0.24906985898674275,-0.5781497549777403,1
-1.418951729503842,-0.263817852640198,-0.6956496061052394,1
-1.8447474983434147,-0.17948170126792687,-0.5148662366471508,1
-1.7596342036652073,-0.21043013525638182,-0.521162660339861,1
-1.8237377447686722,-0.17518228321332,-0.7822741284735932,1
-1.9780637087474267,-0.16006223784647244,-1.151677222157631,1
-1.9436071709140463,-0.12489055712554493,-1.0011851589418708,1
-1.5718247234108067,-0.2177752958723539,-0.8445682724386814,1
-1.271037095584502,-0.3064541547422785,-1.1690178357958918,1
-1.7051604312247401,-0.13622596035054602,-1.4899298301042274,1
-1.402674297781075,-0.24061809128967027,-1.3152932231526189,1
-1.740438673880545,-0.16099913689296863,-1.4208629635313392,1
-1.1407324836390245,-0.3579340734722727,-1.738093996171085,1
-1.5764869885129758,-0.2781789770171623,-1.5140349588300048,1
-1.7257649298085531,-0.34696422931722753,-1.346379119276785,1
-1.6233859096162517,-0.43441812913110545,-0.7815577784592646,1
-1.4054943242355449,-0.49376380799610065,-1.0838693736810745,1
-1.417433985217784,-0.5896697831659905,-1.1614643008318535,1
-1.4332790918235747,-0.5789330080526935,-0.987302894111161,1
-1.7554611168572207,-0.5022102929357535,-1.1191241068935742,1
-1.7684442655321564,-0.4829105716609181,-0.8661585165050827,1
-1.7600995693890888,-0.45381104616976814,-1.1903827939418288,1
-1.7885197864020623,-0.41061916035203344,-1.3619043110329323,1
-1.7962921610089353,-0.49925459969836655,-1.4307704897272266,1
-1.6224479882388803,-0.5438632581612883,-1.3226839620875128,1
-1.5702052313304429,-0.4551026870742798,-1.4836228045201278,1
-1.6912960457256168,-0.44559545619762864,-1.031174267646824,1
-1.4542451265921796,-0.38264913680335144,-1.0201721342464902,1
-1.8179040866022307,-0.38547471884611745,-1.1565874704748327,1
-1.1792007915984977,-0.46060884707636895,-1.040691804638904,1
-2.1954152172970063,-0.3240761106689848,-0.7618308257964022,1
-2.256130916426018,-0.3629181666477127,-0.6500387146502031,1
-2.2735991288743937,-0.4074880929066711,-0.649708815583031,1
-1.8780814755654185,-0.5208453207288619,-0.6034209291464209,1
-1.574737029329166,-0.6601038579564399,-1.1214093998145218,1
-2.105082699530202,-0.7727520296575754,-1.30540928250812,1
-1.9465172824771997,-0.9260820710776788,-1.500813066423517,1
-1.9377232302123275,-0.8908796538608152,-1.4502807965203204,1
-2.092058426232731,-0.9202026239815483,-1.2089230001695461,1
-2.2958767555138078,-0.7809629164650903,-1.2667262692251529,1
-2.2818208042399077,-0.8158123566242077,-1.037465316622557,1
-2.209373048740125,-0.9041448638146669,-1.0460872183805923,1
-2.173345888267151,-0.8801900463592032,-1.324844811348505,1
-2.2824697510002787,-1.0393782809132506,-1.443889004531476,1
-2.221201620320872,-0.9109712144330412,-1.457036116185793,1
-2.6017752589461494,-1.02647813250799,-1.4217369694667688,1
-2.0630505340023984,-1.129136931267507,-1.079120574155872,1
-2.5955754745054587,-1.067268567500681,-1.2411429320564358,1
-2.4775493624894858,-0.9379615698467041,-0.8377505015467395,1
-2.6923660692950064,-0.8951139142584035,-0.7890325030243227,1
-3.079538150085785,-0.9766604189609388,-0.848997190177172,1
-3.518417835214595,0.17420162065876407,0.2522636291944348,2
-3.2465920839611715,0.13516349639501318,0.35166373984118227,2
-3.0523282605073736,0.11779712140962499,0.0698366854959026,2
-3.3600231631797666,0.15640827992646086,0.027511797601185016,2
-3.1089791980760517,0.1227371427277387,-0.06946205770638939,2
-2.6840562984002183,0.03881448646223919,-0.1460598170910264,2
-3.0786838353784813,0.061455368662766685,-0.05147211671080626,2
-3.079611292939925,0.03756164181690084,0.14588441516716258,2
-2.9999532085479914,0.0021953542367137563,0.44483129725694026,2
-3.8480306535657673,0.17888204471721636,0.7042489877804922,2
-3.5799310579689294,0.1211027649893098,0.28917933299826115,2
-3.472478509320176,0.11899022240292768,0.19570117626008493,2
-3.5504399613183266,0.10690245778668797,-0.11545164257885249,2
-3.745469775326175,0.15500873094486614,0.021231509027678702,2
-3.991380268415952,0.17712305083934465,0.23665767060856832,2
-3.81532126395449,0.015137372587769954,0.6571188030893809,2
-4.01031381185058,0.026128592687784044,0.8317054949597711,2
-3.924065861023747,-0.019606351741670712,0.5592487789476714,2
-3.3869719261993496,-0.09195956289379417,0.5662892124984352,2
-3.636872877954677,-0.020326943679461626,0.3737069085738094,2
-3.664938130039966,0.009183056581129074,0.194440034809145,2
-3.407599101623827,0.030740031899970894,0.11111718821687216,2
-4.111033650774867,0.21880946619588995,-0.09413736748650917,2
-4.072894450618557,0.19723657669098196,-0.11165000327434481,2
-4.306701733274054,0.2742249820975189,-0.018782382053873406,2
-4.1311662881665745,0.16904044735764157,0.48416943817169333,2
-4.431692990399155,0.2584306071364592,0.5132487673371028,2
-4.5878772607634035,0.28735432149615786,0.5717511202699324,2
-4.752176156494551,0.3282993419315234,0.4318447301872351,2
-4.771197012784183,0.36822321679133085,0.4851275087680378,2
-4.193543284564078,0.24910393041627482,0.31735332969045016,2
-4.231366342108249,0.26096690467035255,-0.058479390110327045,2
-4.35373759774095,0.3169298497201912,-0.2912110497117373,2
-4.477976750340095,0.3317485905180467,-0.19152945918582662,2
-4.391359148018365,0.2906037118844529,-0.5675365695560441,2
-4.086603948617952,0.2265958433946229,-0.5026786424811316,2
-3.7713836336304207,0.17858932375308156,-0.361385458609659,2
-3.657157555588029,0.11556974328456651,-0.12991282484675828,2
-3.512825202218515,0.015672569950594822,-0.40881708202777645,2
-3.224440547117389,-0.039213015822248495,-0.3781395428467157,2
-2.9402099488022344,-0.17354584468805595,-0.3179047776806871,2
-3.2587971218320235,-0.0712307144186424,-0.397349568818987,2
-3.2351426095636215,-0.12925973499866486,-0.5058636988544835,2
-3.2591357214381103,-0.11590847649841798,-0.1901751333266976,2
-3.245370676266321,-0.12297113442090574,-0.5965416632762645,2
-3.217957892269337,-0.06104032028857491,-0.5304828138847824,2
-3.837849264708179,-0.06724913640350172,-0.1753224545273973,2
-3.8099231414055654,-0.14388265249037413,-0.14478939464526597,2
-4.002698657880815,-0.22274259787665082,0.07167472514209577,2
-4.214027249108409,-0.16243998690582573,0.041244712299083136,2
-3.922081467823418,-0.14939516224263807,-0.2710254456473896,2
-3.880191710758798,-0.21574859738662544,-0.23155180361011019,2
-3.9261712401037063,-0.03584443065633314,-0.5372218484741692,2
-4.109093833960934,0.10704913178851377,-0.284064890338204,2
-4.153044232232036,0.1786516369964609,-0.06012832800890716,2
-4.071657564659177,0.1596180725022242,-0.06253055685690666,2
-3.8187219144737092,0.22801323584000827,0.0849221079796763,2
-3.9107919606675265,0.2558793583681876,0.2246013431092524,2
-4.332015636062757,0.37388712975646154,0.4142313983366933,2
-4.720470594357107,0.4823520968135989,0.4895896104264823,2
-4.395768440467557,0.4169153817239881,0.6095045283474008,2
-3.8332455476711496,0.42827098040336353,0.3280852435945949,2
-3.225064903601027,0.4097553039296525,0.2581039955082196,2
-2.9351902615869085,0.4727620511242797,0.4653371840257079,2
-3.805408935348079,0.5220453816749215,0.5152207689786631,2
-3.912057337854278,0.5385798342908684,0.5362745239317228,2
-2.3120340276223437,0.4426844092244879,0.3386890341798019,2
-2.734427161258863,0.3050410430986297,0.3764998296089441,2
-2.4162380286195826,0.2862910940368031,0.12319486886631553,2
-2.6975174615081206,0.4078023672099524,0.07086034103609981,2
-1.7951027689699481,0.343235113383731,0.027646662210282058,2
-2.6278593153183265,0.3090355792864854,0.19101531677655129,2
-3.1273097505182554,0.4126485143305245,0.45089272380397794,2
-2.8292807521696135,0.4299188105873795,0.23287568131711311,2
-3.253803449969169,0.48429247589261964,0.5171716954665019,2
-3.894913563953667,0.5105590461584387,0.6280082840345101,2
-4.494121040479257,0.5469026664992607,0.2822093980272319,2
-4.02798914275984,0.7068488836849612,0.34686670806675335,2
-3.9314953209858734,0.6977422176292372,-0.1288693308923543,2
-3.696776892211195,0.7307908803464327,-0.2803278710805996,2
-3.839235718525034,0.7513062246460984,-0.28602538780072145,2
-4.456131065323723,0.7398408366281345,-0.30675778295399236,2
-4.1639184823262445,0.6721538201048978,-0.08464379598406929,2
-3.7234549208967875,0.6869942653387565,-0.1848686695402179,2
-3.967109413569384,0.6736466669596889,0.17299804740480912,2
-4.01249409836401,0.5948599232803045,0.3230714810849509,2
-3.867496511994311,0.6320943385918992,0.1802140600795204,2
-4.132874078811794,0.7639080724409155,0.1859557018444838,2
-3.9827395669983274,0.7084170536773748,0.2730942058401938,2
-4.838340938320158,0.9376111323691034,0.39264768838945785,2
-4.73769402706395,0.9765583949825876,0.512162108664371,2
-4.211384460152443,0.9122124908913053,0.46920375143585347,2
-4.229672586198686,0.7701503651232455,0.288320110101002,2
-4.063321074074926,0.9113377293369851,0.06354186042621252,2
-3.812248025658751,0.913036204538522,-0.0383522981547164,2
-4.562294563965155,1.0243686085696657,0.2912151881583244,2
-5.153720596535574,1.2490092246092463,0.1803717655840702,2
-5.197082389317652,1.3636017417770725,0.35247853220536146,2
-5.400656749229414,1.355570904745528,0.35281907004345225,2
-5.554094863610679,1.3508927322926692,-0.11944160505351958,2
-6.100800362389101,1.3659236665984895,-0.1812032025802539,2
-6.619487595080638,1.3615288253616988,0.2833151657508416,2
-6.972548415293455,1.4596870229122811,-0.18084708059356353,2
-6.94070413658292,1.5365671775914993,0.016471713745266237,2
-6.798538677720832,1.6149289961198834,0.06848519596647853,2
-6.530570812901329,1.5021922868882598,0.16218073022245008,2
-5.978784010929203,1.6126568284256562,0.35208027375466333,2
-5.081572004624554,1.5534068212047718,0.3100184719403745,2
-5.092321101494908,1.6693505389575602,0.12129074414644858,2
-4.931026374612395,1.6826012811073532,0.4616390337269172,2
-4.954246067519193,1.6032696040381507,0.3206435703950121,2
-4.620347652719941,1.7570850945753886,0.2110909941022705,2
-5.1712793503947205,1.6128019276001127,0.5980535995087611,2
-6.063465988723645,1.6656074682706128,0.5010846391202256,2
-5.493572223260834,1.7545450628632522,0.6200635221210866,2
-5.768720133479547,1.66857940775091,0.8947233662654799,2
-6.880849824928411,1.6491340805380017,0.8099422316172435,2
-6.428180954281408,1.634743668336032,0.8492785876134118,2
-5.879286270525812,1.5425720077930787,0.7883646942160827,2
-5.516374757012665,1.445515762701677,0.8120598015311817,2
-4.954144602494577,1.397329574119865,0.7131219634503402,2
-5.157306106237555,1.4671040601298797,0.7401274784566144,2
-4.656483440230904,1.438439778485856,0.8311688351885848,2
-4.33164904538641,1.427883183797206,0.5537603794648909,2
-3.6411044672838946,1.2800630975782525,0.13830645316455864,2
-3.7455696964501244,1.3332056224111726,0.1901914889370143,2
-3.5974741697290313,1.3187513722017838,0.21761313221753442,2
-3.475805892812975,1.3315243279288658,-0.08190776048954473,2
-4.077361769294113,1.3658563837680475,-0.013944905663519025,2
-4.065372505356703,1.2356129187008227,0.2709765440359572,2
-4.531206963725834,1.145481505302803,0.4110822175605193,2
-3.773691281983997,1.178782619497713,0.4113445501878475,2
-4.3514435799896924,1.1606222616943245,0.41065369644007227,2
-4.526243094216079,1.1847933164858258,0.7512521241466732,2
-4.81780574729406,1.2386986042532588,0.7821318158100282,2
-5.504657634824671,1.3361084121448281,0.6656013666369901,2
-5.853402589398549,1.2538853894762114,0.5509020026518074,2
-5.568178031353851,1.23994871637338,0.6727074121700518,2
-5.974925789490972,1.1294703388837177,0.8929480851303289,2
-5.08904027388577,1.1752469652577076,0.8790969199059712,2
-5.264233581090925,1.0533313320979918,0.662756594249962,2
-5.019714431908281,1.1432259329328418,0.5539236043466392,2
-5.0383636570787065,1.1358418990761348,0.6127288271740058,2
-5.543019344415913,1.182032047724625,0.63816932477977,2
-5.934546014394674,1.1299718053006653,0.5611561091130338,2
-6.072023635436506,1.1396376308659744,0.9130550756831666,2
-5.803882970310835,1.1590030861716019,0.847266054722311,2
-6.752506429849948,1.2551850971047136,0.27680878972174394,2
-5.754203027738924,1.1510003196091974,0.367524663365441,2
-5.7603669654764404,1.2093854049299047,0.6018007550322937,2
-5.321601229803187,1.0959089125253239,0.7576535839946422,2
-6.013650007145167,1.1792144086048875,0.7135492334398317,2
-6.316724003628103,1.3334609765398588,0.9078775899390443,2
-6.073509415974106,1.371974104893329,0.9699499091324219,2
-6.506458571813508,1.369081584434726,1.262059198944576,2
-6.106902525446853,1.3545392580530542,1.477705427827,2
-6.869862494898355,1.4754804556855277,1.327220277930521,2
-7.124621227777363,1.459804387700582,1.5685846198217503,2
-7.050840380041616,1.4063413764389547,1.4642862601982227,2
-6.352379873858838,1.266594163636623,1.1653815166563972,2
-6.132219529605741,1.3670738262933282,1.184979852594242,2
-6.243617892419771,1.2379830679885113,1.2634963307322618,2
-6.098830194208172,1.2865138446650806,1.442972761554319,2
-5.9898636598951445,1.25621722623427,1.4863678731877477,2
-6.511147415124027,1.3560790033434142,1.47305847899864,2
-5.757741393265365,1.3177692685351352,1.4614410609252093,2
-6.382969906866154,1.4876766305624058,1.2809371214998952,2
-5.556081811951446,1.5774840112826045,1.2537651636854685,2
-5.60911280978732,1.5297997795936993,1.1871714626812446,2
-6.43487136079543,1.5673439055949554,1.3883634731391539,2
-6.0218928938165,1.672266933540797,1.2399367397964927,2
-5.30214939620531,1.5738986532457149,0.8993910745300218,2
-4.92999320520762,1.6949858897711305,0.660615972136791,2
-4.589859997657951,1.8011070715410826,0.72140702474452,2
-3.6105518944351456,1.7292280120102659,0.6331373856462326,2
-4.07537828782985,1.8170134426869302,0.7510562125285324,2
-4.041943503018946,1.9519690088584587,0.6359116400634323,2
-4.357675889712885,2.033924165937781,0.4114392418027681,2
-4.810185668083964,2.0750006356933643,0.6050736005820799,2
-5.597031785659173,1.9552442202074796,0.11808166441332019,2
-5.478008766026599,1.9838084210102789,0.11065020026806888,2
-4.722570228142374,1.930557690112007,-0.1416748694375683,2
-4.388308980482337,2.0153827376685616,0.027427723426225126,2
-3.494460018959789,0.01760582601932212,-0.04017516213618058,3
-3.576211112141946,0.08171031460164818,0.009290963233339875,3
-3.7909273123264713,0.021105700556270382,-0.007248373827684319,3
-3.275458543392816,-0.061998863459556075,0.08049437508740509,3
-2.6988872016607908,-0.1302784777166673,0.11997231664448468,3
-3.1953302553992806,-0.14841586615082722,0.06361074070338556,3
-3.2946576905859573,-0.13731438613010186,-0.22699803258952478,3
-3.500247871791194,0.029022814818835896,0.11409497555114079,3
-3.7350923893030843,0.018327528421246866,0.4901929744154171,3
-3.6142522610690397,-0.028693648381474174,0.5522820325333123,3
-3.438138743661164,-0.13848984913891216,0.6086132375201799,3
-3.5317938570938816,0.0781073497181439,0.7831333522309533,3
-3.4610813694469758,-0.044468286399925144,1.1732943474786521,3
-3.6693159364363663,0.11006167342836326,1.3619892001721576,3
-3.330950151345278,0.03665425174393107,1.2347694582881923,3
-3.41873769935892,-6.361249329108615e-05,1.068314113758597,3
-4.506528886823701,0.07622721223940565,1.2086124897752915,3
-4.2890784812139735,0.019778970255571272,1.2260146126362386,3
-4.02991387523238,0.004481910543965425,1.1995584936888037,3
-3.92902022635905,-0.14021296313431852,1.5632184986671753,3
-3.797376058496722,-0.2931666579780391,1.5963457698748131,3
-3.8684099842466853,-0.3415393589797314,1.6356258129193568,3
-3.8685232936891136,-0.33031653503933495,1.7716957963984536,3
-3.8832603381202415,-0.3046413051454549,1.8513253550043676,3
-3.8919792436408844,-0.3661919402389495,1.715844485111337,3
-4.068518959363708,-0.35595060602404804,1.7870731569707656,3
-3.9161095878076457,-0.35813249198110914,1.7294795146956163,3
-4.179960584584115,-0.32602038623396884,1.3133880486923903,3
-4.240462546266155,-0.3450266657007198,1.2318631167589913,3
-3.9797552570738257,-0.23766009531415636,1.1870786031218317,3
-3.7723109162118567,-0.26820932969458644,1.432383315592711,3
-4.133608387978802,-0.15753473649976285,1.5876922497072583,3
-3.5516070043138086,-0.17062197108692573,1.3646019137845073,3
-3.713308971106017,-0.20050220521679651,1.541581253379186,3
-3.4998360594005713,-0.29770213583695143,1.2645165363855209,3
-3.6558054687733077,-0.37805273948153884,1.0820560394513217,3
-3.7862004532721865,-0.3847738617287044,1.074807260061977,3
-3.309285365335848,-0.17032970339544742,1.2540888028139767,3
-3.3048257857420547,-0.17062178234712683,1.0072557129032658,3
-3.0516476015786385,-0.2815562743259178,0.8707258232103446,3
-2.883242809979025,-0.3799055208705187,1.0318768047631424,3
-2.9387292490032304,-0.2923028191136621,0.8877367937127416,3
-3.032588974599093,-0.23020346701270483,0.5267646718698864,3
-2.228651814375863,-0.26933851383667984,0.7459436693238292,3
-2.278394440570119,-0.3800471207032028,0.7837660880778758,3
-1.6215940785885858,-0.45528603524662864,0.8859995289388887,3
-1.896974028132698,-0.40460700330584615,1.1353922245892192,3
-1.997441334854784,-0.4004863909180523,1.0322181500836454,3
-2.0616323730648505,-0.49109606623874513,1.2630216421067955,3
-2.059397588929454,-0.4957389977098746,1.4051537806179573,3
-1.0608505180398358,-0.559956463291086,1.3908906774036776,3
-1.8001305586862348,-0.5122369134810575,1.7176670831663128,3
-1.2720522162312933,-0.5898154263998209,1.2886390992351866,3
-1.2124616155705612,-0.5338842036431409,0.6783650623519588,3
-1.5309833523343568,-0.4685264244269539,0.5874839546661074,3
-1.1529149404963301,-0.5543560430349406,0.3152997427420192,3
-1.402766530815812,-0.5919059648749695,0.4882215743738213,3
-1.139098881421744,-0.5402559755749253,0.34293194462421295,3
-1.647637958401476,-0.44829671046843705,0.6806154703007279,3
-1.5668224724272877,-0.5126098821233572,0.7204269793268226,3
-1.411873422550368,-0.611179911029782,0.597495611162953,3
-1.8513172833224223,-0.5695104302040572,0.8600829164491551,3
-1.6474492540016923,-0.5562560668532189,0.9294032261461274,3
-1.4437552881075586,-0.5640408772012875,0.7230705687382655,3
-1.6893546143460503,-0.6509990009797323,0.6190420345269048,3
-1.6482642028572372,-0.7065056977901841,0.8819663220752427,3
-1.7456425398296698,-0.7763427941361991,0.9661896708947736,3
-2.082300339019537,-0.6640589618059981,1.3647964657967318,3
-1.432028881158191,-0.8120987600383458,1.6267471214459248,3
-1.587474976987435,-0.6633763553971944,1.7211833048866512,3
-1.963426304891766,-0.732862329494818,1.5417502225074755,3
-1.4385700026546364,-0.768615346135633,1.49899255811425,3
-1.2626874556974845,-0.8538605659145143,1.2582941176580646,3
-1.611772873141931,-0.7692231383172915,1.5593542862918763,3
-1.7314362105536918,-0.8139495265035558,1.673830006522619,3
-1.3485526060719497,-0.8902786105841318,1.3726131616625974,3
-1.2038527421885368,-0.8801755847757736,1.2869301123828987,3
-1.1441646946195405,-0.9421632308419781,1.5105041299340254,3
-1.5692843981808788,-0.9233113032759748,1.4153034243398763,3
-1.6747280466019192,-0.9394046933991108,1.1244708472776144,3
-1.2942398607061751,-0.8377320954435461,1.2557775797174504,3
-1.3871007353568479,-0.7771686663473413,1.0171724536089015,3
-1.4240057791817622,-0.7794017446084791,1.00443066023091,3
-1.9023258018259992,-0.6585029679374768,1.150506039706388,3
-1.6492991956596976,-0.864871334119343,1.2065922078169165,3
-1.557627710323708,-0.9532557733984237,1.0751301414822916,3
-1.506074515280432,-0.9819541355165773,0.924619194545711,3
-1.9516075266974746,-1.0535984104990441,0.8602331166488201,3
-1.5539342400470728,-1.2836588984379123,1.1104379211509137,3
-1.7209009279748313,-1.2058275852855225,0.9803213303074807,3
-2.052785675655995,-1.1002200742430637,0.7441081255826094,3
-1.8286095547977363,-1.1069914218580734,0.28386487133487737,3
-1.6521071170001722,-1.1043212067323662,0.3368151797374673,3
-1.5257772016272415,-1.1013788373366438,-0.1649988253821832,3
-1.001979944258153,-1.1829882640800589,-0.2718097222811968,3
-0.41169184322446417,-1.2510258677656314,-0.36658310296429,3
-0.9508194379665276,-1.1485580434893474,-0.3419184941022832,3
-0.48284029209455864,-1.2553572746580932,-0.3602428703142385,3
-1.452112082187219,-1.3075311178002607,-0.2775878158590849,3
-1.4219993770897685,-1.4208837261136513,-0.01142011109952712,3
-1.6544420632066905,-1.4631513425137985,0.13427694361609452,3
-1.185471169273401,-1.6106786644761975,0.2852197180825763,3
-1.4101077647859663,-1.786185311210124,0.09816229632227022,3
-0.2995123801845614,-1.8820416848252428,0.6019376309395075,3
-0.7297495723111047,-1.8914768894682121,0.2937495537064914,3
-0.6122655221219119,-1.9605752333931246,0.6353649840784081,3
-0.606306936413846,-1.949265696589369,0.5871610576885271,3
-0.3523382047802303,-2.1202571016782255,0.33315973908761215,3
-0.33169415864396007,-2.0901589425517826,0.2573451381059881,3
-0.3773967058458782,-2.132983439117878,-0.05207748171519999,3
-0.006035905835878208,-2.0909488202374478,-0.39529025261416945,3
-0.15409419918917758,-1.9686894166888633,-0.4932904304928504,3
-1.7005564295164868,-2.1115522404139844,-0.3588398268777974,3
-1.567556551855452,-2.0604528962772077,-0.9114787710142724,3
-1.9159599040085626,-1.9564706134099898,-0.6494097079106576,3
-1.9218227421664973,-2.1070878501187984,-0.6417886376797288,3
-2.1294579739556116,-2.1373684082197517,-0.6099908107700648,3
-2.5302931591818387,-2.090107374227184,-0.8762233205899252,3
-2.4395747386877527,-2.0747729049169124,-0.9415729742318354,3
-2.325503246311079,-2.1193054676876733,-1.1526703400373723,3
-2.0987879815798234,-2.245263408460989,-1.486856235307469,3
-1.6708286256744191,-2.3219931694205695,-1.4308928757519013,3
-1.4893575713926943,-2.325201120414757,-1.3766654822523667,3
-1.3780774552212796,-2.2484404953879156,-1.3904593739080557,3
-1.0706431414742779,-2.119654476190291,-1.4533380879124902,3
-1.053843563867671,-2.1060025866079317,-1.5579077271599593,3
-0.7531407166986932,-2.1501098419212106,-1.1026911940732247,3
-1.0890960416715114,-2.0153175490040214,-1.1088256032620118,3
-0.8625188824873204,-1.9460368879595669,-1.5323209609683839,3
-1.0713562705000843,-1.8954326816828213,-1.1603757980026237,3
-1.159827115226678,-2.0434331699838424,-1.3358818601862437,3
-0.7750526732695409,-2.0902786884019746,-1.3599367972078862,3
-1.0711527900958768,-2.056355730443359,-1.164404005586811,3
-1.262994157689234,-1.933716491470592,-0.8752137006590593,3
-1.7623333524662594,-1.739706592628472,-1.068934670602965,3
-1.1685102552572664,-1.8893896339962006,-0.672382965604458,3
-0.9626945028994198,-1.9752903779687823,-0.8128860428555664,3
-0.5312698260589924,-2.0847543239740007,-0.6169673410963539,3
-1.0916281761307545,-2.047882572061307,-0.4977363204588552,3
-0.29173009504438707,-2.0900541228289717,-0.42155712821534985,3
-0.1918294002480016,-2.0737424846422714,0.016907110987845198,3
-0.631035065429236,-1.9768065178211622,0.04243137407143856,3
-0.5565429675088032,-2.026165692279546,-0.2897385383665895,3
-0.5785408246322241,-1.8801727196244695,-0.3463816682222168,3
-0.8059737724394622,-1.860442748664975,-0.3858980359632942,3
-0.8441371964003029,-1.8607389740368458,-0.44475822510894136,3
-0.7427051243189042,-1.9101783510918633,-0.00723739832802206,3
-0.3335670275203387,-1.8932286912216112,0.09225904188434185,3
-0.4690664762693759,-1.8154419207117578,0.08656591053335064,3
-0.46801466733824343,-1.694102383654181,-0.2132539545232989,3
-0.3328273397162558,-1.6412724399887393,-0.2821048973703419,3
-0.21216190113112893,-1.6757073564815699,-0.051489291411469684,3
-0.17604984357841524,-1.8134812596410985,-0.18123911800668932,3
-0.40590877724028074,-1.7268681923782983,-0.09476212659353098,3
0.30127882447597376,-1.7089447268723312,0.20020991710059058,3
0.3647496368197294,-1.7533525625657285,-0.23218997614526762,3
0.5138486753743015,-1.7720388088335832,-0.09334460023205252,3
0.6753428471142262,-1.8926337820820156,-0.09106953550977259,3
0.46959408173935413,-1.920904794299153,-0.06713959128953063,3
0.4554092966616178,-1.8247879227654633,-0.07203906212070993,3
0.0784392245949837,-1.7862364422743258,0.01012711618650039,3
-0.08888258881034422,-1.6421895770648076,0.35433218149684553,3
-0.17806334981839178,-1.4870240009086504,0.6821981852230958,3
-0.03682084938790858,-1.6286802128259854,1.1315362870681076,3
-0.04042757895863259,-1.5288987382067565,1.0385396562886902,3
-0.14751552368952364,-1.4390479317195968,1.3746756328265013,3
-0.3069731977902914,-1.3687377916045826,1.4523152425969175,3
-0.4493851526601289,-1.3331624601938552,1.3621415337196225,3
0.10894358611191324,-1.3036419125751513,1.2630674164683766,3
0.33995302339329375,-1.5240385597834818,0.9759436927003449,3
0.36089673105690434,-1.4633512706312237,1.139782045922371,3
0.39847096895225464,-1.3845563412448652,0.9456838728066087,3
0.27078350012395713,-1.3632669743173558,1.024265428963208,3
0.15101701376595483,-1.3320306333260494,0.8913371472637118,3
-0.13928799898648153,-1.2490265945918657,1.0699602765363416,3
0.039218422579563456,-1.2769560141985674,1.107093614958858,3
0.078185245306319,-1.2031762886744826,1.174821887768732,3
-0.4644028491460117,-1.146064368138509,1.3978633928492643,3
-0.1053575338927274,-1.1254593739181278,1.4815979932767138,3
-0.20859035838710727,-1.1758549286546283,1.4807852022676253,3
0.2089071642289939,-1.053584802806912,1.354012031498755,3
-0.07548531360912364,-0.9620570594974261,1.0793876718403281,3
-0.36526936418978256,-1.0019370193853376,1.178365569028483,3
-0.30563149586508087,-1.0038171507199742,1.4565928624225217,3
-0.4760175966537449,-0.928274037732373,1.3588895631570517,3
-0.938248896134274,-0.8625147033294789,1.5765358589794638,3
-0.5855910427613028,-0.8073687700810235,1.1903301332669558,3
-0.32269790912954177,-0.8181227436573739,1.1796625709586093,3
-0.4406935748694586,-0.8084178490436909,0.8072032066108762,3
-0.18105101141854152,-0.9123344964314779,0.6376247590504253,3
0.16320461197956138,-0.9113722452803438,0.6290946808609019,3
-0.034412598215460305,-0.8144006547496843,0.757181882089546,3
-0.5621908358241505,-0.5873383306281618,1.2347877519447703,3
-0.7224966728907939,-0.5563890090773251,1.1999776499952106,3
-1.1693163321161395,-0.39440475500367456,1.173632141628947,3
-1.3043862128306576,-0.4813852386583057,1.5315029506640738,3
-1.294426687291272,-0.6569473135603447,1.6375174886993276,3
-1.4758697423456875,-0.6062381555588696,1.9317315430483866,3
-1.3144567654072414,-0.587811350235098,1.8315531946893977,3
-1.6671973509813578,-0.4980186789479081,1.8779035130162938,3
-1.6251353068660093,-0.3705649551525534,1.7956218239087258,3
-1.918873650451607,-0.262580452687071,2.005664048716921,3
-1.8180076194859227,-0.2992287358856113,1.7408364722189753,3
-1.7836930997260059,-0.2529278459715028,1.6543250968990062,3
-2.0416206866488396,-0.2119554989019386,1.9159481147067856,3
-2.336388227232093,-0.17175108092310268,2.0795209783892012,3
-2.3267246090111318,-0.2019176342852059,2.5447766607448576,3
-2.5291710429669263,-0.1778988668789715,2.6104293354011294,3
-2.7941392469872173,-0.006646743248162029,2.8210162287240106,3
-2.277602296818988,-0.09045175392703146,2.696276035940494,3
-1.784197572541692,-0.20813484576074331,2.574872870040724,3
-1.9685625899117094,-0.11445471434909199,2.595180626144335,3
-2.2607124000981886,-0.11492570589342575,2.2494794372307974,3
-2.104009088725764,-0.0592107269851869,2.1258510511161095,3
-1.9359663405742487,-0.04731267737835401,2.3463812222887133,3
-1.6036142691503454,-0.10688362411514588,2.2354120516551426,3
-1.8040306485098452,-0.11557705196138746,2.4966037725440136,3
-1.7591221048601247,-0.09521445334614853,2.8167282751502216,3
-2.2129978103173733,-0.14991322672371904,2.9251194301512378,3
-1.8719968469451405,-0.21712522116029978,3.006154724498076,3
-1.6252785600027313,-0.2720767053069352,3.5125611926420133,3
-1.5945338638768607,-0.1253417515771703,3.435796920694154,3
-1.5474020981494794,-0.3010714210841525,3.477002022656875,3
-1.76163352235747,-0.17975454701563215,3.4415038489720957,3
-2.5222621347681553,-0.0932255011909154,0.08390474072306396,4
-2.850023290932064,-0.08173701918208497,-0.2479328929679484,4
-2.822581146933247,-0.057300413599229987,-0.4126988604212841,4
-3.039376328980018,-0.005934957193153387,-0.7375880951607426,4
-3.1398396877392747,0.003017340818570533,-0.5577787174153935,4
-3.6311796233244378,0.22358330969550644,-0.8072474617889305,4
-3.577951965491585,0.18682793543731147,-0.6181731299431974,4
-3.5844740557103174,0.2038512798474091,-0.3278069207793582,4
-3.487308551990088,0.16302681569159216,-0.09790098037765813,4
-3.330502568952422,0.1145936587328586,0.07791045757828668,4
-3.176934171230311,0.03975765142688244,-0.1879809994660394,4
-2.826194916912195,-0.039458470577271934,-0.5307006719603506,4
-2.5862116194948124,-0.005313999705512502,-0.9217441596549892,4
-2.8044839940775166,0.06412738315158248,-1.1647761207861353,4
-3.4086167611733,0.15326350822972454,-1.155660351499599,4
-2.979376143892221,0.03281318108347145,-1.4662409163593182,4
-2.609630109539633,0.03026835505787501,-1.7193986721686125,4
-2.357138208096596,-0.09172619920001172,-1.4122065000435544,4
-2.537943776372606,-0.10570799960266604,-1.2108344839556393,4
-2.555393682210604,-0.09683285747861461,-1.2751858897215709,4
-2.179678113261513,-0.15723462988991443,-1.3386223423200223,4
-2.03945824187462,-0.23316955842660037,-1.2647909326372604,4
-2.321711842941113,-0.17775644630400028,-1.55748526162358,4
-2.3951995097392835,-0.23430683762967427,-1.5825960816254099,4
-1.9448702835810026,-0.422018143481249,-1.8779996685623992,4
-1.4264669442176514,-0.5235451012702266,-1.7070971832952504,4
-1.6231963382643853,-0.5608092584780057,-2.15529920747054,4
-1.4152954373426414,-0.639710972545623,-2.1437683087130663,4
-1.0523570463363452,-0.6273291689199881,-1.8947431771795826,4
-1.1826694619306097,-0.6143162747868965,-1.9385859110999315,4
-1.804947780888798,-0.5516020175684488,-2.3244263844165243,4
-1.766438796296979,-0.5025554249812823,-2.2919704401494148,4
-1.7757301818519475,-0.5664883402162452,-2.2468696842928155,4
-2.0799595509076045,-0.6269541999776957,-2.4305755020970445,4
-1.7762016065774875,-0.5056059202480461,-2.394195670633394,4
-1.6276001560974578,-0.6440083676893654,-2.3805102505417555,4
-1.223490094867435,-0.7317009346783835,-2.605309442048616,4
-1.587296030785716,-0.694222385515861,-2.284202379277385,4
-1.2319508362620135,-0.6683502741241478,-2.32481176603129,4
-1.3076796271178037,-0.6554897051507679,-2.3865199099989662,4
-1.1783794434718524,-0.7282981019370922,-2.561867423918215,4
-1.329907809373409,-0.9353076405560653,-2.5863903926361176,4
-1.2719570983092605,-0.9406437944986626,-2.7263361561075574,4
-0.9838630057265318,-1.1202475579467819,-2.9872126416697724,4
-1.111526218585506,-1.0549576365227273,-2.757090211670179,4
-1.1210745805458502,-1.0052366000541586,-2.8535154556561477,4
-1.3681118783385586,-1.0256331435281034,-3.0550687350805816,4
-0.623217422962806,-1.0098664485522701,-3.6482421267618124,4
-0.7878248901345664,-1.051841202107196,-3.978004485537716,4
-0.13160227708524497,-1.1424948997050601,-4.211505347855078,4
-0.46842294629391057,-1.1339146551175894,-4.345688333651985,4
-0.9252204644619312,-0.9566387475140992,-4.336028826475038,4
-0.986051333843454,-1.017499031380593,-4.545613470054328,4
-1.4106324728400779,-0.9279265796205414,-4.036835741283008,4
-1.4771698417805221,-0.9248788750668423,-3.824492603084476,4
-1.084884267883245,-0.9603896922358365,-3.715357710343821,4
-1.312697752085497,-0.7849848473797365,-3.615656974977946,4
-1.3668669343005846,-0.7924589983548286,-4.132098957748075,4
-1.0398693888172903,-0.8943818683188751,-3.9300352486806815,4
-0.9594714319779001,-0.8851656326174262,-3.904701574037756,4
-1.1860662735838672,-0.7113605877623053,-4.059450306937025,4
-0.518364029029662,-0.6729371490538543,-4.2781483674861285,4
-0.5167229147058554,-0.598396677617904,-4.763163066136872,4
-0.6339361126701439,-0.544567878059495,-5.083860404984012,4
-0.6199963393736222,-0.603929029259816,-5.177901338690336,4
-1.0647543085644955,-0.5765330681929384,-4.889080351617599,4
-1.118858931658794,-0.5510140328337534,-5.102783387181463,4
-0.8058659138770282,-0.604299417929883,-5.199009899691571,4
-0.6953342621550056,-0.6100851306290727,-5.084802283602189,4
0.0613361464090566,-0.6243552654923789,-5.155449398562206,4
-0.41960826495751435,-0.46211453847910317,-5.136837231207313,4
-0.7444752136560437,-0.3612337061527683,-5.291200442784762,4
-0.5390936992540605,-0.3365607161285885,-5.197290779909074,4
-0.5615648673954001,-0.34929432293997337,-4.757951362374949,4
-0.3052936817503756,-0.3596200953707022,-4.774815621036502,4
-0.5881229102864451,-0.316974820818534,-4.721246982533026,4
-0.22494362121123518,-0.42925917699858995,-4.797512202493719,4
-0.2205195879901582,-0.4776156595236355,-4.656014694746011,4
-0.3199225756724525,-0.47063518533973814,-4.622368055818586,4
-0.25507998474856763,-0.4837011759187376,-5.064086937102887,4
0.03271806212016093,-0.4966678669594908,-5.142767869716342,4
0.8468826353269853,-0.6447306906586737,-5.016025973900372,4
1.4081038848515135,-0.7533773668553857,-4.7744576547908055,4
1.3968146553962002,-0.7484508373655965,-4.901837437948909,4
1.0967798240431164,-0.7024772387550742,-4.7841620849952,4
1.1989455983004604,-0.6881683535531978,-4.833297549729793,4
0.11158968441945794,-0.5943183774884928,-4.997063227787388,4
0.36434100438441464,-0.7637346889159246,-5.188436656605394,4
1.0833762883905014,-0.8317722419681111,-5.440436112268138,4
1.2463719418760826,-0.8005801988553348,-5.667021789711744,4
1.2144662741702363,-0.7824846560352395,-5.174548667614649,4
1.0688679292984917,-0.8069908211859844,-5.178934059816059,4
1.0789876500644229,-0.7742370186805323,-5.204346683123871,4
1.427092373831008,-0.8312206410841251,-5.431387069394286,4
1.0897420438523922,-0.788826549546475,-5.439931837358074,4
0.7211720996704425,-0.837569942108838,-5.528876918463064,4
1.2127611481679759,-0.9313356641741687,-5.362000119074605,4
1.2371291565445703,-0.8983661136146692,-5.357313579915383,4
1.9344933768338006,-1.0307963859263063,-5.40363992292187,4
2.381167157759874,-1.0278420620117834,-5.189799079764246,4
2.9576612531522213,-1.0552468969205084,-5.110825166325727,4
2.404041218194548,-1.0588507161913674,-4.999039937711989,4
2.6591019433086407,-1.1114467448025136,-5.1838333716774825,4
2.6537094076152186,-1.0625522311529605,-5.389461387280893,4
2.343920122888705,-1.1078773158271298,-5.458071548467897,4
2.1857069395471,-1.1273849672230916,-5.5876552928463985,4
2.719504463514084,-1.0999995868703594,-5.45325830609827,4
2.6050514043368893,-1.0881504304174634,-5.320930942342141,4
2.552379552117427,-0.9785528736065926,-5.520200786782923,4
1.8176531586381768,-0.9860303442186027,-5.364710436766123,4
1.430220126988301,-1.0148235685493519,-5.557948920356798,4
2.0098832499148522,-0.9822257366983389,-5.499226033677385,4
1.7366734044191465,-0.9701794096481008,-5.660761387655644,4
1.4508808211016098,-0.9162902749799399,-5.694239349483806,4
1.3941556664258759,-1.006236744489587,-5.7434427798985075,4
1.3295368439296356,-0.9624582077573096,-5.671964490994161,4
1.1206325609908225,-0.9767300450789099,-5.614205853036275,4
1.4277211278680308,-0.989050965293575,-5.791965245926513,4
1.277347315684096,-0.9454373304958328,-5.873694536122276,4
2.1949982977117433,-0.9550603562179077,-6.261552063172855,4
1.655516223429172,-0.8767502422622759,-6.198051896783032,4
1.4339868852017144,-0.7863497631338423,-6.0670478088181925,4
1.0060974532248963,-0.9530810059226198,-5.696467931743337,4
1.016387225028466,-0.9782983027541948,-5.642807641390283,4
0.550516372040142,-0.9948769467503961,-5.497697849622669,4
0.5137076242504083,-0.8410186666737612,-5.426789686426881,4
1.1850176899992904,-0.9023398763646341,-5.4825572538272525,4
1.4227886651234316,-1.0096239532156301,-5.623336967124976,4
1.5511953601552024,-1.0276606844502028,-5.786722250767654,4
1.6290732769485285,-1.0476128657172492,-5.786361066353464,4
1.637459302779925,-1.0911872971138403,-5.4416578823047175,4
1.1113520030081443,-1.0643314835655135,-5.940614728379074,4
1.0032153012776028,-1.042071583658641,-5.924994851169292,4
1.368613367480082,-1.087689063566588,-5.884003437832966,4
1.2743767565140598,-1.0945102596328447,-5.877523064224515,4
1.701955222892519,-1.0921805370272644,-5.801315534840978,4
1.8474371431077803,-1.3297682508344297,-5.979375993799296,4
2.045246900937539,-1.3353765807261617,-5.894282257813831,4
1.85487417880838,-1.3188932653487748,-5.868989842548408,4
1.7925309009489896,-1.342626603252703,-6.127108853521149,4
1.5242006357428788,-1.173566279713523,-6.189065955770366,4
1.2717180455653057,-1.2113142753119868,-6.136153026280663,4
1.5714134556843067,-1.1533044505621752,-6.292527888190935,4
2.1508529110877577,-1.1534574232839758,-6.402757555986981,4
1.8804220722008278,-1.1398439357536236,-6.346454413756622,4
1.7921201873222465,-1.1297650224025262,-6.214909418123592,4
1.4722442787211416,-0.9791468000438576,-6.0390460861417665,4
0.9460122932112117,-0.9227174642362478,-5.644291091245245,4
1.2755128930560364,-1.0601708452901375,-5.758029672210624,4
1.1691564115144686,-0.9541617485528971,-5.475630399332385,4
1.2307857294896472,-0.9364505922542965,-5.198324771599238,4
1.5255192536208282,-0.88057454970264,-5.084872785219895,4
1.9664976743952898,-0.9610179476625309,-4.861276086236207,4
2.6941473923150445,-1.0465473969888868,-4.73431252486116,4
2.808023616535856,-1.1065163564186926,-5.079978382177519,4
2.7858212846009884,-1.0972169957434845,-5.076127901949631,4
2.787232119806667,-1.0441021634857321,-5.064840645168894,4
3.0009248354696325,-1.1168650182765818,-5.54413284257782,4
2.4854641178820716,-1.1452448727477411,-5.489418482188372,4
2.9014427323804206,-1.1650889816208305,-5.574382435361002,4
3.2612119732470637,-1.162778401292374,-5.877448928632506,4
4.146696131274907,-1.2487228289832741,-5.865469803637724,4
4.00298863709448,-1.1795311737586158,-5.518457140956191,4
3.746781329778707,-1.1561342693490793,-5.713146908406614,4
3.7184588282715474,-1.1838915065224012,-5.544263016932364,4
3.117508306248011,-0.9364672613093374,-5.422528444549095,4
2.7191439136964424,-0.8026089748024384,-5.378423010428644,4
1.8459383416653488,-0.7362159765431233,-5.426947638564306,4
1.797267080703638,-0.7580136242101807,-5.339012281062446,4
2.0765797581694683,-0.7200723151982247,-5.623393358019941,4
1.4043424741640704,-0.7029013022381748,-5.531101121993971,4
1.413358810868084,-0.7068095443438921,-5.277356764067755,4
1.3587278247345116,-0.6848169879113255,-5.3384511018149245,4
1.5681474572021046,-0.649898362447931,-5.531918877203454,4
1.3585118057941297,-0.6041254049970189,-5.298181403742954,4
0.9683728891569223,-0.5610074687766323,-5.487433775656413,4
0.9843356764980146,-0.5316230376081499,-5.613528746435328,4
0.8030142356329418,-0.5529805557241977,-5.445737999988512,4
0.7978665909410215,-0.6421647880128567,-5.49954693613107,4
0.885661792534289,-0.6620585046369775,-5.457486426166516,4
1.50361332897109,-0.7245076349235559,-5.397065908728075,4
1.3302526935290635,-0.6571948625387514,-5.453477242616794,4
1.6530106344679254,-0.6604811633645349,-5.7951304619706505,4
0.8204983602145253,-0.43675206563347524,-5.746213846481452,4
-0.13585864247959722,-0.4190295080437741,-5.758562834537824,4
0.5163038391487605,-0.5111662519941126,-5.588968757820567,4
0.5685589740089458,-0.5309218556682103,-5.526815169063634,4
0.8802665081044035,-0.5919466799776036,-5.193303383922203,4
1.3066386108182488,-0.5822563821596135,-5.135021064934937,4
1.2624788711508206,-0.5815130945178284,-4.958981674256869,4
1.1292232299224894,-0.6271103807956905,-5.077560428264351,4
0.9304530548967979,-0.5816094986243688,-5.071265855061469,4
0.9314612464069741,-0.5878941415061505,-5.475175131188653,4
1.0651272971615717,-0.6359032770085672,-5.36130816723351,4
0.8371102421621991,-0.6202941895932615,-5.711333414679844,4
0.8975488275569283,-0.5733697850460185,-5.769188464173548,4
0.8763004903407673,-0.5702170027361129,-5.768377147643975,4
0.9533548933486704,-0.5956491626434393,-5.942692961902876,4
0.8608403226545984,-0.5053829827787016,-5.961674899959581,4
0.9039434313996163,-0.5624354492877635,-5.699254480322863,4
0.813013256861771,-0.573061623066331,-5.24135683204562,4
1.159056643954683,-0.7446366224139632,-5.17565998155633,4
1.1221530747897788,-0.6368786554897328,-5.512947353063985,4
0.5661890239089333,-0.5031625764840266,-5.213854402287277,4
0.034538224409979446,-0.4221565068183126,-5.419720800866305,4
0.3699158472475326,-0.42373215827468946,-5.110603362841232,4
0.08965054467536088,-0.4896746038866985,-5.393609120600647,4
-0.168235089247168,-0.4629869326368299,-5.529854584530497,4
0.32002874971648876,-0.5422285866043784,-5.481361588362799,4
-0.1665261506743443,-0.40264934643056793,-5.553040429717899,4
-0.4884306670041114,-0.3131875319523435,-5.399282741595441,4
-0.7030813429809514,-0.3057570429925356,-5.3263487941340175,4
-1.41037474781026,-0.18592852605774557,-5.202077093789662,4
-0.9709205637113429,-0.26192166393578575,-5.291315815949672,4
-0.45735521644687127,-0.3549253750178204,-5.03559111490874,4
